From Expiry,From Price,To Expiry,To Price,Label
06-Mar-2025,1805.0,13-Mar-2025,1439.95,Expiry1_2
06-Mar-2025,1805.0,20-Mar-2025,1441.55,Expiry1_3
06-Mar-2025,1805.0,27-Mar-2025,4245.0,Expiry1_4
06-Mar-2025,1805.0,03-Apr-2025,,Expiry1_5
06-Mar-2025,1805.0,24-Apr-2025,1684.45,Expiry1_6
06-Mar-2025,1805.0,29-May-2025,0.0,Expiry1_7
06-Mar-2025,1805.0,26-Jun-2025,,Expiry1_8
06-Mar-2025,1805.0,25-Sep-2025,,Expiry1_9
06-Mar-2025,1805.0,24-Dec-2025,,Expiry1_10
06-Mar-2025,1805.0,25-Jun-2026,,Expiry1_11
06-Mar-2025,1805.0,31-Dec-2026,,Expiry1_12
06-Mar-2025,1805.0,24-Jun-2027,,Expiry1_13
06-Mar-2025,1805.0,30-Dec-2027,,Expiry1_14
06-Mar-2025,1805.0,29-Jun-2028,,Expiry1_15
06-Mar-2025,1805.0,28-Dec-2028,,Expiry1_16
06-Mar-2025,1805.0,28-Jun-2029,,Expiry1_17
06-Mar-2025,1805.0,27-Dec-2029,,Expiry1_18
13-Mar-2025,1439.95,20-Mar-2025,1441.55,Expiry2_3
13-Mar-2025,1439.95,27-Mar-2025,4245.0,Expiry2_4
13-Mar-2025,1439.95,03-Apr-2025,,Expiry2_5
13-Mar-2025,1439.95,24-Apr-2025,1684.45,Expiry2_6
13-Mar-2025,1439.95,29-May-2025,0.0,Expiry2_7
13-Mar-2025,1439.95,26-Jun-2025,,Expiry2_8
13-Mar-2025,1439.95,25-Sep-2025,,Expiry2_9
13-Mar-2025,1439.95,24-Dec-2025,,Expiry2_10
13-Mar-2025,1439.95,25-Jun-2026,,Expiry2_11
13-Mar-2025,1439.95,31-Dec-2026,,Expiry2_12
13-Mar-2025,1439.95,24-Jun-2027,,Expiry2_13
13-Mar-2025,1439.95,30-Dec-2027,,Expiry2_14
13-Mar-2025,1439.95,29-Jun-2028,,Expiry2_15
13-Mar-2025,1439.95,28-Dec-2028,,Expiry2_16
13-Mar-2025,1439.95,28-Jun-2029,,Expiry2_17
13-Mar-2025,1439.95,27-Dec-2029,,Expiry2_18
20-Mar-2025,1441.55,27-Mar-2025,4245.0,Expiry3_4
20-Mar-2025,1441.55,03-Apr-2025,,Expiry3_5
20-Mar-2025,1441.55,24-Apr-2025,1684.45,Expiry3_6
20-Mar-2025,1441.55,29-May-2025,0.0,Expiry3_7
20-Mar-2025,1441.55,26-Jun-2025,,Expiry3_8
20-Mar-2025,1441.55,25-Sep-2025,,Expiry3_9
20-Mar-2025,1441.55,24-Dec-2025,,Expiry3_10
20-Mar-2025,1441.55,25-Jun-2026,,Expiry3_11
20-Mar-2025,1441.55,31-Dec-2026,,Expiry3_12
20-Mar-2025,1441.55,24-Jun-2027,,Expiry3_13
20-Mar-2025,1441.55,30-Dec-2027,,Expiry3_14
20-Mar-2025,1441.55,29-Jun-2028,,Expiry3_15
20-Mar-2025,1441.55,28-Dec-2028,,Expiry3_16
20-Mar-2025,1441.55,28-Jun-2029,,Expiry3_17
20-Mar-2025,1441.55,27-Dec-2029,,Expiry3_18
27-Mar-2025,4245.0,03-Apr-2025,,Expiry4_5
27-Mar-2025,4245.0,24-Apr-2025,1684.45,Expiry4_6
27-Mar-2025,4245.0,29-May-2025,0.0,Expiry4_7
27-Mar-2025,4245.0,26-Jun-2025,,Expiry4_8
27-Mar-2025,4245.0,25-Sep-2025,,Expiry4_9
27-Mar-2025,4245.0,24-Dec-2025,,Expiry4_10
27-Mar-2025,4245.0,25-Jun-2026,,Expiry4_11
27-Mar-2025,4245.0,31-Dec-2026,,Expiry4_12
27-Mar-2025,4245.0,24-Jun-2027,,Expiry4_13
27-Mar-2025,4245.0,30-Dec-2027,,Expiry4_14
27-Mar-2025,4245.0,29-Jun-2028,,Expiry4_15
27-Mar-2025,4245.0,28-Dec-2028,,Expiry4_16
27-Mar-2025,4245.0,28-Jun-2029,,Expiry4_17
27-Mar-2025,4245.0,27-Dec-2029,,Expiry4_18
03-Apr-2025,,24-Apr-2025,1684.45,Expiry5_6
03-Apr-2025,,29-May-2025,0.0,Expiry5_7
03-Apr-2025,,26-Jun-2025,,Expiry5_8
03-Apr-2025,,25-Sep-2025,,Expiry5_9
03-Apr-2025,,24-Dec-2025,,Expiry5_10
03-Apr-2025,,25-Jun-2026,,Expiry5_11
03-Apr-2025,,31-Dec-2026,,Expiry5_12
03-Apr-2025,,24-Jun-2027,,Expiry5_13
03-Apr-2025,,30-Dec-2027,,Expiry5_14
03-Apr-2025,,29-Jun-2028,,Expiry5_15
03-Apr-2025,,28-Dec-2028,,Expiry5_16
03-Apr-2025,,28-Jun-2029,,Expiry5_17
03-Apr-2025,,27-Dec-2029,,Expiry5_18
24-Apr-2025,1684.45,29-May-2025,0.0,Expiry6_7
24-Apr-2025,1684.45,26-Jun-2025,,Expiry6_8
24-Apr-2025,1684.45,25-Sep-2025,,Expiry6_9
24-Apr-2025,1684.45,24-Dec-2025,,Expiry6_10
24-Apr-2025,1684.45,25-Jun-2026,,Expiry6_11
24-Apr-2025,1684.45,31-Dec-2026,,Expiry6_12
24-Apr-2025,1684.45,24-Jun-2027,,Expiry6_13
24-Apr-2025,1684.45,30-Dec-2027,,Expiry6_14
24-Apr-2025,1684.45,29-Jun-2028,,Expiry6_15
24-Apr-2025,1684.45,28-Dec-2028,,Expiry6_16
24-Apr-2025,1684.45,28-Jun-2029,,Expiry6_17
24-Apr-2025,1684.45,27-Dec-2029,,Expiry6_18
29-May-2025,0.0,26-Jun-2025,,Expiry7_8
29-May-2025,0.0,25-Sep-2025,,Expiry7_9
29-May-2025,0.0,24-Dec-2025,,Expiry7_10
29-May-2025,0.0,25-Jun-2026,,Expiry7_11
29-May-2025,0.0,31-Dec-2026,,Expiry7_12
29-May-2025,0.0,24-Jun-2027,,Expiry7_13
29-May-2025,0.0,30-Dec-2027,,Expiry7_14
29-May-2025,0.0,29-Jun-2028,,Expiry7_15
29-May-2025,0.0,28-Dec-2028,,Expiry7_16
29-May-2025,0.0,28-Jun-2029,,Expiry7_17
29-May-2025,0.0,27-Dec-2029,,Expiry7_18
26-Jun-2025,,25-Sep-2025,,Expiry8_9
26-Jun-2025,,24-Dec-2025,,Expiry8_10
26-Jun-2025,,25-Jun-2026,,Expiry8_11
26-Jun-2025,,31-Dec-2026,,Expiry8_12
26-Jun-2025,,24-Jun-2027,,Expiry8_13
26-Jun-2025,,30-Dec-2027,,Expiry8_14
26-Jun-2025,,29-Jun-2028,,Expiry8_15
26-Jun-2025,,28-Dec-2028,,Expiry8_16
26-Jun-2025,,28-Jun-2029,,Expiry8_17
26-Jun-2025,,27-Dec-2029,,Expiry8_18
25-Sep-2025,,24-Dec-2025,,Expiry9_10
25-Sep-2025,,25-Jun-2026,,Expiry9_11
25-Sep-2025,,31-Dec-2026,,Expiry9_12
25-Sep-2025,,24-Jun-2027,,Expiry9_13
25-Sep-2025,,30-Dec-2027,,Expiry9_14
25-Sep-2025,,29-Jun-2028,,Expiry9_15
25-Sep-2025,,28-Dec-2028,,Expiry9_16
25-Sep-2025,,28-Jun-2029,,Expiry9_17
25-Sep-2025,,27-Dec-2029,,Expiry9_18
24-Dec-2025,,25-Jun-2026,,Expiry10_11
24-Dec-2025,,31-Dec-2026,,Expiry10_12
24-Dec-2025,,24-Jun-2027,,Expiry10_13
24-Dec-2025,,30-Dec-2027,,Expiry10_14
24-Dec-2025,,29-Jun-2028,,Expiry10_15
24-Dec-2025,,28-Dec-2028,,Expiry10_16
24-Dec-2025,,28-Jun-2029,,Expiry10_17
24-Dec-2025,,27-Dec-2029,,Expiry10_18
25-Jun-2026,,31-Dec-2026,,Expiry11_12
25-Jun-2026,,24-Jun-2027,,Expiry11_13
25-Jun-2026,,30-Dec-2027,,Expiry11_14
25-Jun-2026,,29-Jun-2028,,Expiry11_15
25-Jun-2026,,28-Dec-2028,,Expiry11_16
25-Jun-2026,,28-Jun-2029,,Expiry11_17
25-Jun-2026,,27-Dec-2029,,Expiry11_18
31-Dec-2026,,24-Jun-2027,,Expiry12_13
31-Dec-2026,,30-Dec-2027,,Expiry12_14
31-Dec-2026,,29-Jun-2028,,Expiry12_15
31-Dec-2026,,28-Dec-2028,,Expiry12_16
31-Dec-2026,,28-Jun-2029,,Expiry12_17
31-Dec-2026,,27-Dec-2029,,Expiry12_18
24-Jun-2027,,30-Dec-2027,,Expiry13_14
24-Jun-2027,,29-Jun-2028,,Expiry13_15
24-Jun-2027,,28-Dec-2028,,Expiry13_16
24-Jun-2027,,28-Jun-2029,,Expiry13_17
24-Jun-2027,,27-Dec-2029,,Expiry13_18
30-Dec-2027,,29-Jun-2028,,Expiry14_15
30-Dec-2027,,28-Dec-2028,,Expiry14_16
30-Dec-2027,,28-Jun-2029,,Expiry14_17
30-Dec-2027,,27-Dec-2029,,Expiry14_18
29-Jun-2028,,28-Dec-2028,,Expiry15_16
29-Jun-2028,,28-Jun-2029,,Expiry15_17
29-Jun-2028,,27-Dec-2029,,Expiry15_18
28-Dec-2028,,28-Jun-2029,,Expiry16_17
28-Dec-2028,,27-Dec-2029,,Expiry16_18
28-Jun-2029,,27-Dec-2029,,Expiry17_18
